{
  "precision": 0.8888888888888888,
  "recall": 0.7390862944162436,
  "f1": 0.8070953436807095,
  "accuracy": 0.8226299694189603,
  "rejection_precision": 0.7751531058617673,
  "rejection_recall": 0.9068577277379734,
  "rejection_rate": 0.5825688073394495,
  "tp": 728,
  "tn": 886,
  "fp": 91,
  "fn": 257
}