dataset,num_samples,accepted,acceptance_rate,accuracy,precision,recall,f1,roc_auc
ASQA,1737.0,809.6666666666666,0.4661293417770102,0.8890807906351949,0.9189153171477894,0.8541905855338691,0.8853631982260607,0.8891815129362955
MS MARCO,207.0,95.33333333333333,0.4605475040257649,0.9355877616747182,0.9757560632948832,0.8942307692307692,0.933055162659123,0.9357885237739607
WikiEval,18.0,9.666666666666666,0.5370370370370371,0.9074074074074074,0.9333333333333332,0.9,0.9157894736842106,0.9083333333333332
