metric,unfiltered,accepted,delta
num_samples,948.0,905.0,-43.0
acceptance_rate,1.0,0.9546413502109705,-0.04535864978902948
citation_precision,0.9993167196662542,0.9996430701706944,0.0003263505044401871
citation_recall,0.5688496673802884,0.570442739639328,0.0015930722590395963
mauve,0.3576770184832757,0.37153786596408894,0.013860847480813232
rouge1,0.2711117431427199,0.2705682046953203,-0.0005435384473996274
rouge2,0.07888370154256183,0.07859809447854905,-0.00028560706401277447
rougeL,0.1910954780541381,0.1908738588081434,-0.00022161924599470306
str_em,0.0,0.0,0.0
