{
  "bertscore_f1": {
    "baseline": 0.5821046928564707,
    "filtered": 0.5822875979526266,
    "delta": 0.00018290509615592754
  },
  "rougeL": {
    "baseline": 0.1910954780541381,
    "filtered": 0.1908738588081434,
    "delta": -0.00022161924599470306
  },
  "f1": {
    "baseline": 0.21704990271892097,
    "filtered": 0.21676755971722242,
    "delta": -0.0002823430016985484
  },
  "exact_match": {
    "baseline": 0.0,
    "filtered": 0.0,
    "delta": 0.0
  }
}