{
  "accuracy": 0.8490241102181401,
  "precision": 0.9510385756676558,
  "recall": 0.7359357060849598,
  "f1": 0.8297734627831715,
  "confusion_matrix": [
    [
      838,
      33
    ],
    [
      230,
      641
    ]
  ],
  "classification_report": {
    "0": {
      "precision": 0.7846441947565543,
      "recall": 0.9621125143513203,
      "f1-score": 0.8643630737493554,
      "support": 871.0
    },
    "1": {
      "precision": 0.9510385756676558,
      "recall": 0.7359357060849598,
      "f1-score": 0.8297734627831715,
      "support": 871.0
    },
    "accuracy": 0.8490241102181401,
    "macro avg": {
      "precision": 0.8678413852121051,
      "recall": 0.8490241102181401,
      "f1-score": 0.8470682682662635,
      "support": 1742.0
    },
    "weighted avg": {
      "precision": 0.8678413852121051,
      "recall": 0.8490241102181401,
      "f1-score": 0.8470682682662635,
      "support": 1742.0
    }
  },
  "roc_auc": 0.6680933405919269
}