dataset,num_samples,accuracy,acceptance_rate,precision,recall,f1_score,roc_auc,avg_confidence
ASQA,1737.0,0.8459028977163693,0.3987718288236423,0.9355182972011248,0.7439724454649829,0.8288206705929393,0.8461971542182497,0.9159470351180197
MS MARCO,207.0,0.9178743961352657,0.429951690821256,0.9887630991563575,0.8461538461538461,0.9118976238804907,0.9182225541448843,0.8987922705314012
WikiEval,18.0,0.9074074074074074,0.6481481481481481,0.8585858585858586,1.0,0.9235209235209235,0.8958333333333334,0.9222222222222222
