{
  "bleu": {
    "baseline": 0.034909672124958685,
    "filtered": 0.03459500271563813,
    "delta": -0.0003146694093205532
  },
  "rougeL": {
    "baseline": 0.1910954780541381,
    "filtered": 0.1908738588081434,
    "delta": -0.00022161924599470306
  },
  "f1": {
    "baseline": 0.21704990271892097,
    "filtered": 0.21676755971722242,
    "delta": -0.0002823430016985484
  },
  "exact_match": {
    "baseline": 0.0,
    "filtered": 0.0,
    "delta": 0.0
  }
}