{
  "precision": 0.9,
  "recall": 0.749238578680203,
  "f1": 0.8177285318559557,
  "accuracy": 0.8323139653414883,
  "rejection_precision": 0.7837127845884413,
  "rejection_recall": 0.9160696008188332,
  "rejection_rate": 0.582059123343527,
  "tp": 738,
  "tn": 895,
  "fp": 82,
  "fn": 247
}