{
  "correct_token_f1": {
    "mean": 0.765006105006105,
    "std": 0.07462843366167518
  },
  "correct_rouge_l": {
    "mean": 1.0,
    "std": 0.0
  },
  "hallucinated_token_f1": {
    "mean": 0.6952355946717874,
    "std": 0.0358424532274151
  },
  "hallucinated_rouge_l": {
    "mean": 0.8894722959650935,
    "std": 0.05469997789860621
  },
  "gap_token_f1": 0.06977051033431758,
  "gap_rouge_l": 0.11052770403490653,
  "n_samples": 5
}