{
  "correct_token_f1": {
    "mean": 0.7018130299608869,
    "std": 0.09216443028210777
  },
  "correct_rouge_l": {
    "mean": 1.0,
    "std": 0.0
  },
  "hallucinated_token_f1": {
    "mean": 0.6257460061718046,
    "std": 0.1280053083940338
  },
  "hallucinated_rouge_l": {
    "mean": 0.8768165757934376,
    "std": 0.18256587313077677
  },
  "gap_token_f1": 0.07606702378908226,
  "gap_rouge_l": 0.12318342420656236,
  "n_samples": 50
}