dataset,num_samples,accepted,acceptance_rate,accuracy,precision,recall,f1,roc_auc
ASQA,1737,1737,1.0,0.5014392630972941,0.5014392630972941,1.0,0.6679447852760736,0.5
MS MARCO,207,207,1.0,0.5024154589371981,0.5024154589371981,1.0,0.6688102893890675,0.5
WikiEval,18,18,1.0,0.5555555555555556,0.5555555555555556,1.0,0.7142857142857143,0.5
Overall,1962,1962,1.0,0.5020387359836901,0.5020387359836901,1.0,0.6684764166949441,0.5
