{
  "accuracy": 0.9081515499425947,
  "precision": 0.927797833935018,
  "recall": 0.8851894374282434,
  "f1": 0.9059929494712103,
  "confusion_matrix": [
    [
      811,
      60
    ],
    [
      100,
      771
    ]
  ],
  "classification_report": {
    "0": {
      "precision": 0.8902305159165752,
      "recall": 0.931113662456946,
      "f1-score": 0.9102132435465768,
      "support": 871.0
    },
    "1": {
      "precision": 0.927797833935018,
      "recall": 0.8851894374282434,
      "f1-score": 0.9059929494712103,
      "support": 871.0
    },
    "accuracy": 0.9081515499425947,
    "macro avg": {
      "precision": 0.9090141749257966,
      "recall": 0.9081515499425947,
      "f1-score": 0.9081030965088936,
      "support": 1742.0
    },
    "weighted avg": {
      "precision": 0.9090141749257966,
      "recall": 0.9081515499425947,
      "f1-score": 0.9081030965088936,
      "support": 1742.0
    }
  },
  "roc_auc": 0.9666271662090501
}