{
  "accuracy": 0.9001148105625718,
  "precision": 0.9224242424242424,
  "recall": 0.8737083811710677,
  "f1": 0.8974056603773585,
  "confusion_matrix": [
    [
      807,
      64
    ],
    [
      110,
      761
    ]
  ],
  "classification_report": {
    "0": {
      "precision": 0.8800436205016358,
      "recall": 0.9265212399540758,
      "f1-score": 0.9026845637583892,
      "support": 871.0
    },
    "1": {
      "precision": 0.9224242424242424,
      "recall": 0.8737083811710677,
      "f1-score": 0.8974056603773585,
      "support": 871.0
    },
    "accuracy": 0.9001148105625718,
    "macro avg": {
      "precision": 0.9012339314629391,
      "recall": 0.9001148105625718,
      "f1-score": 0.9000451120678739,
      "support": 1742.0
    },
    "weighted avg": {
      "precision": 0.9012339314629391,
      "recall": 0.9001148105625718,
      "f1-score": 0.9000451120678739,
      "support": 1742.0
    }
  },
  "roc_auc": 0.9616241410627688
}