{
  "accuracy": 0.91,
  "precision": 0.9035433070866141,
  "recall": 0.918,
  "f1": 0.9107142857142857,
  "confusion_matrix": [
    [
      451,
      49
    ],
    [
      41,
      459
    ]
  ],
  "classification_report": {
    "0": {
      "precision": 0.9166666666666666,
      "recall": 0.902,
      "f1-score": 0.9092741935483871,
      "support": 500.0
    },
    "1": {
      "precision": 0.9035433070866141,
      "recall": 0.918,
      "f1-score": 0.9107142857142857,
      "support": 500.0
    },
    "accuracy": 0.91,
    "macro avg": {
      "precision": 0.9101049868766404,
      "recall": 0.91,
      "f1-score": 0.9099942396313364,
      "support": 1000.0
    },
    "weighted avg": {
      "precision": 0.9101049868766404,
      "recall": 0.91,
      "f1-score": 0.9099942396313363,
      "support": 1000.0
    }
  },
  "roc_auc": 0.971422
}