{
  "accuracy": 0.969,
  "precision": 0.9895615866388309,
  "recall": 0.948,
  "f1": 0.9683350357507661,
  "confusion_matrix": [
    [
      495,
      5
    ],
    [
      26,
      474
    ]
  ],
  "classification_report": {
    "0": {
      "precision": 0.9500959692898272,
      "recall": 0.99,
      "f1-score": 0.9696376101860921,
      "support": 500.0
    },
    "1": {
      "precision": 0.9895615866388309,
      "recall": 0.948,
      "f1-score": 0.9683350357507661,
      "support": 500.0
    },
    "accuracy": 0.969,
    "macro avg": {
      "precision": 0.9698287779643291,
      "recall": 0.969,
      "f1-score": 0.968986322968429,
      "support": 1000.0
    },
    "weighted avg": {
      "precision": 0.969828777964329,
      "recall": 0.969,
      "f1-score": 0.968986322968429,
      "support": 1000.0
    }
  },
  "roc_auc": 0.990424
}