metric,unfiltered,accepted,delta
num_samples,50.0,4.0,-46.0
acceptance_rate,1.0,0.08,-0.92
citation_precision,0.5341232566252827,0.5149067892922289,-0.01921646733305382
citation_recall,0.4765214872365092,0.4877293763905245,0.011207889154015271
mauve,0.9988415258908638,1.0000000000000004,0.001158474109136609
rouge1,0.5012838199057967,0.4808491038002293,-0.020434716105567408
rouge2,0.30527061685580553,0.2862311763484579,-0.019039440507347627
rougeL,0.4054324062520584,0.35588944510057346,-0.04954296115148493
str_em,0.0,0.0,0.0
