dataset,precision,recall,f1-score,support,num_samples,acceptance_rate
asqa,0.9032561324500359,0.8930348258706468,0.8923129108547552,1045.378606965174,1742.0,0.4202066590126291
