model,accuracy,precision,recall,f1,roc_auc
extra_trees,0.8722392116887528,0.8899395510477541,0.8507614213197968,0.8699003345701287,0.9253538665101048
gradient_boosting,0.8960244648318043,0.9261588763614569,0.861590524534687,0.8927008276707106,0.9560765629789733
hist_gradient_boosting,0.8863404689092763,0.903917614297674,0.8656514382402708,0.884351739772658,0.9523490362950224
logistic_regression,0.81991165477404,0.79636987024308,0.861590524534687,0.8276929784327921,0.901850687643205
random_forest,0.8773360516479783,0.8952255038165858,0.8558375634517766,0.8750875008028611,0.9438647262676066
xgboost,0.8934760448521916,0.9193643962249501,0.8636209813874789,0.8905677960848694,0.9566692125311955
