dataset,accuracy,precision,recall,f1
asqa,0.8896564958741124,0.9196996486069674,0.8545732874091083,0.8859339073767671
msmarco,0.9452495974235106,0.9759778911564626,0.9134615384615384,0.9436633663366337
wikieval,0.9444444444444443,0.9666666666666667,0.9333333333333332,0.9491228070175438
