dataset,precision,recall,f1-score,support,num_samples,acceptance_rate
msmarco,0.9522361168341174,0.9506666666666667,0.9506214152471006,600.1901333333334,1000.0,0.4673333333333333
