dataset,num_samples,accepted,acceptance_rate,accuracy,precision,recall,f1,roc_auc
asqa,1742.0,732.0,0.42020665901262916,0.8930348258706468,0.970484786846343,0.8132414848832759,0.8831329443522354,0.956436136020419
msmarco,1000.0,467.3333333333333,0.4673333333333334,0.9506666666666667,0.9821160095057957,0.918,0.9489521472532029,0.9840553333333334
wikieval,100.0,48.333333333333336,0.48333333333333334,0.9166666666666666,0.9311224489795918,0.9,0.9152752009894867,0.9666
