dataset,precision,recall,f1-score,support,num_samples,acceptance_rate
wikieval,0.9170693918593078,0.9166666666666666,0.9166471929305776,60.18333333333333,100.0,0.48333333333333334
